Feature_1,Feature_2,Feature_3,Feature_4,Target
0.9600173033359185,0.699512049949576,0.9998672926238792,0.22006729978285178,1.0
0.361056353964058,0.739840990209437,0.996455725089097,0.3163469777906084,1.0
0.13654457982352464,0.3839800101516001,0.3205192835651931,0.3664147530835151,1.0
0.7096515625881274,0.9001424305233735,0.5341154391977205,0.24729376490994515,1.0
0.6718065625770753,0.5617291073131376,0.5425598767095098,0.8934476036949007,1.0
0.842779549565043,0.306012589949623,0.6311697774551955,0.6802388604461551,1.0
0.9704275603953206,0.8935671519207612,0.9424258613607805,0.6422254812227944,1.0
0.6146476338420842,0.22768325439797588,0.48603186896637274,0.8072192993884133,1.0
0.844220153522363,0.5346808662299573,0.75779804985444,0.4996768861038394,1.0
0.850327896594962,0.6196967753560718,0.8616141790501138,0.23169719664900035,1.0
0.4022184145807711,0.6243750621598855,0.14303670588390183,0.12279848359327927,1.0
0.4168299107625021,0.55688298205196,0.9414191754394224,0.40925902250323054,1.0
0.7367514493829402,0.9954506743662491,0.9166643492109676,0.002023272594058212,1.0
0.9713316932292897,0.8890481766987238,0.69948860623719,0.0975246685479263,1.0
0.5734290389184014,0.8200371163300957,0.5608910506455944,0.3507624607204416,1.0
0.5434997560938548,0.8795890917121209,0.11409656487218656,0.031438805443634976,1.0
0.9528100603730366,0.28874347436007175,0.4419491708850247,0.25902153226143165,1.0
0.5968914437271092,0.6552860459773097,0.2756954606457642,0.8579724579391195,1.0
0.8887241463838484,0.2850605910653178,0.6595604191091031,0.9721202593668238,1.0
0.7968741125563475,0.1794644011767761,0.7846729778876521,0.9701278885757159,1.0
0.3628117689857211,0.08788606476009508,0.343833423729332,0.5711096456911043,1.0
0.16551268246031936,0.6316159388531115,0.06556553529884612,0.9128741912049831,0.0
0.08865397922675455,0.19938767830182724,0.47195269795088235,0.4409971801977378,1.0
0.7655514266886346,0.012743533666867535,0.6806629641709289,0.2756026399235382,1.0
0.6039798212578414,0.5459728461872907,0.20978981055078283,0.1361227536800812,1.0
0.7691626139537227,0.4745842525855086,0.5191131687478104,0.9441930457993154,1.0
0.6435253619088376,0.4382503727369158,0.46378770760574095,0.24883145382893634,1.0
0.25675936951200384,0.02299406471310539,0.9324050870187046,0.39225900633456545,1.0
0.6482873731772371,0.35673952575982737,0.11044039822543339,0.4485582006417287,1.0
0.46892383646194713,0.05814587189395937,0.8166037025462897,0.28934125419905854,1.0
0.6510913486142509,0.15370561722706666,0.5282710737487201,0.6821484990263211,1.0
0.7117996133726455,0.7426166831398716,0.578734368065148,0.3804997323794479,1.0
0.7650496207504589,0.05123622729922084,0.9123363086538796,0.43704300569307764,1.0
0.6359514792116346,0.8214207936204565,0.17621021357620914,0.5517914990855354,1.0
0.5484066055322694,0.9203280793978186,0.8332868975383778,0.6600190198600491,1.0
0.689698697488411,0.28624576133562707,0.9018688780957155,0.05522385012184483,1.0
0.4210961338309971,0.7868955865532546,0.9272838481483467,0.1574407373971164,1.0
0.5585842924135593,0.4511717569447983,0.7489853601394706,0.8392536536065494,1.0
0.045574626831785925,0.5056430617530376,0.5888148077428697,0.06176831515473502,1.0
0.0249223184136671,0.5925895412131886,0.7393777889149316,0.009683949656655533,1.0
0.9822929964903885,0.04589360266046649,0.5668050826030613,0.09945230026698948,1.0
0.35033697346952086,0.39446346254319076,0.38728286423063396,0.4026991724007808,1.0
0.9299161456275704,0.9421376901338476,0.18024039388297874,0.7305131084085753,1.0
0.6801812499257602,0.8838983852939835,0.5808750651981254,0.6987744891482957,1.0
0.2512847168134523,0.812918537453546,0.5629082529013656,0.31027156380941834,1.0
0.37463452689861065,0.8218163018659373,0.9053695856172267,0.9182387006882712,1.0
0.2294505756274452,0.1496799063141213,0.764679991136439,0.3299440540147187,1.0
0.9218932736828969,0.39975793600422727,0.17801445745707967,0.09803848432106199,1.0
0.12368875040235072,0.6286570114146864,0.4756584114345037,0.7022890631739275,0.0
0.10226279433958463,0.09267715374413865,0.7250370793312886,0.3711466347826846,1.0
0.2863944197271244,0.8794267180123309,0.03459653327767165,0.018205185772184884,0.0
0.31771564479989034,0.37512831235045696,0.996912293795331,0.8150521629726776,1.0
0.6415035270066541,0.1535907037805837,0.733059144077393,0.28739314812988614,1.0
0.36913285641972904,0.016731749271506113,0.8529861986989519,0.3094909586677357,1.0
0.5629270967182716,0.09093262535977087,0.7926015812165997,0.029209489317782777,1.0
0.0557266814938735,0.7203498353216261,0.031169561221821906,0.4826009545378005,0.0
0.7115296563164449,0.4805047631149235,0.8010160764432938,0.5488741392669403,1.0
0.60290393367072,0.7592791718698868,0.01156202888314628,0.9287980445048418,1.0
0.6185095770728929,0.8009320263275697,0.011952713141286542,0.5633755771582749,1.0
0.2057715844890835,0.2707413083513932,0.381123790426827,0.9991513379670532,1.0
0.9901257723570593,0.7638542292007047,0.07183356892844561,0.9740279182394399,1.0
0.9855316924827785,0.24019426443006098,0.5010167012765753,0.6956375188077353,1.0
0.2651874728015893,0.9654396855870505,0.8985955811985089,0.5254843248347338,1.0
0.5075200600686791,0.438633283195327,0.010064105629034814,0.8521535427551477,1.0
0.6812277931933957,0.9551423784639681,0.24642167220932465,0.1386328445952434,1.0
0.6773847498974537,0.6355033660905427,0.6135132849655515,0.924742701159165,1.0
0.059797227161024424,0.7218038325405484,0.9737431060651186,0.06494250091092246,1.0
0.5939629688560691,0.15831533411344767,0.9946717474226823,0.861181286257754,1.0
0.36502314994106144,0.9950603829487744,0.3235694128028398,0.42025776739532594,1.0
0.04828704990528554,0.36736315229051386,0.16626656005629414,0.1600449569054968,1.0
0.3762258277500359,0.2262619588541268,0.2925534922748979,0.41860581260435314,1.0
0.8058520858682707,0.010994743642253946,0.14961043798701457,0.9782714500756085,1.0
0.04095061157841895,0.00021870577242200095,0.8683066792360413,0.10672834240656381,1.0
0.885054549895466,0.6526765458798934,0.1706113286592026,0.016225608667717384,1.0
0.1442367950610135,0.17061016479816082,0.8928596461633466,0.20002340149651932,1.0
0.46716047894150003,0.15492202166880842,0.19112841169299544,0.3531034679582351,1.0
0.12811783327338133,0.40275485850222525,0.850856040384903,0.27861263474293885,1.0
0.42490342701034367,0.7224663271885691,0.6563078886735659,0.3192786068607364,1.0
0.09375561971819235,0.03303613538949435,0.5913045189574844,0.14836141414570658,1.0
0.2713136125393367,0.9824761025728618,0.8285754776114556,0.9890928796713209,0.0
0.9930640967402597,0.5628471556234561,0.20100966327800285,0.42626626782930743,1.0
0.3387082768567302,0.9095489494288067,0.4086116113698386,0.0071680473780662,1.0
0.5475562038047915,0.11773143962186616,0.7003746052766702,0.006594100552938298,1.0
0.617943514134373,0.45755513751332844,0.1708662037726033,0.6792628757705692,1.0
0.07521778324986406,0.3881772398515798,0.27548681210997095,0.26971156486397363,1.0
0.9386724376183688,0.7785330255466387,0.779486864298451,0.11234048033630806,1.0
0.027697733910809985,0.4109824307750245,0.8647575689072537,0.6172090169112542,1.0
0.7754367502636724,0.3863430534945762,0.3694538616924099,0.6921701913416218,1.0
0.04370542230775165,0.685958765624509,0.9866851400183141,0.07570719302199114,1.0
0.7434331895426944,0.5779294479313442,0.2783487714874162,0.7691635116841797,1.0
0.614355711785396,0.9436534618962171,0.5130960221495895,0.7046018517118714,1.0
0.7301446234561033,0.07612399817055049,0.1386980172243214,0.4924937164015851,1.0
0.17696105705772602,0.2703933273580663,0.2973748282019475,0.3175613255490318,1.0
0.7038309313511615,0.007463749442434664,0.7210123109497072,0.9427494011864321,1.0
0.35549773177592614,0.713232462565093,0.34169912778460176,0.9856154332280531,1.0
0.22324944101099775,0.16860373042578947,0.4664224743605522,0.7500080195021936,1.0
0.4608559998131557,0.5191572570697428,0.607872486269751,0.4561285744536243,1.0
0.8146575856804624,0.3062375122298582,0.2764001362283851,0.3618812342433523,1.0
0.8184294934347139,0.9303748003266608,0.678223737446978,0.932040146478619,1.0
0.6491401577673636,0.5090051510278828,0.4406824586264747,0.06726264589367914,1.0
0.7988920116937794,0.02753341232569917,0.6612378174272644,0.6467118988795639,1.0
0.799031648765017,0.226083864456869,0.1516144967260986,0.570824227126224,1.0
0.4097741735910393,0.8935354694379759,0.18783414177589397,0.1318651901900102,1.0
0.3217175608783266,0.5697360967141737,0.9266308491039128,0.11021138515943396,1.0
0.07264460108719473,0.6381545656892348,0.3874410727791645,0.23043068853945603,0.0
0.4273195242060459,0.01049791211934148,0.5598639511962014,0.1365570264355317,1.0
0.20735494145385402,0.44138108196207737,0.8423374554243899,0.11833327080465261,1.0
0.9190918545924336,0.8774463430505035,0.9616565476705262,0.32942487944294885,1.0
0.6864386508223,0.3457960924964759,0.4548534655790766,0.5309421404953898,1.0
0.19525426656533518,0.06951846375219439,0.15901161650751605,0.4661728660692287,1.0
0.619419348001207,0.2918995226674934,0.10718344781423439,0.2433019339263528,1.0
0.9967376800786426,0.2283235006925901,0.22705984433825877,0.8695103455629204,1.0
0.4201659199911383,0.24999280588155115,0.4900964843052972,0.8411483925972004,1.0
0.3692567867994315,0.9242195574055182,0.9946922917074621,0.6790856531325898,1.0
0.40130510984612067,0.3846396390694208,0.7766422258214662,0.8362345975169037,1.0
0.00804907670548094,0.35603383224393115,0.5814649478503542,0.6432627031280657,1.0
0.8528689009403855,0.4700150480691532,0.4605591834296531,0.3877197751815057,1.0
0.3876188519143524,0.46936416338476383,0.14160673999084084,0.5119884459356543,1.0
0.9112392909157963,0.44369225158234404,0.019341653349710053,0.1834539152905703,1.0
0.331778609303487,0.17617142772151717,0.2370482547537177,0.6408729064382347,1.0
0.4850776245106788,0.8329672886676224,0.4525680193150968,0.26550269123642667,1.0
0.32071403527107123,0.7050731790337657,0.2653999469376359,0.7852485812844756,1.0
0.8790518105447717,0.02678079622126006,0.02730315749485468,0.010313390628192254,1.0
0.9275107891313219,0.04548878701862047,0.5302540556656302,0.11572937921239757,1.0
0.3084284332815862,0.7239521834312416,0.5574466044467377,0.27830422970517354,1.0
0.6830833220286147,0.8930560994581063,0.41729933447936995,0.9250436336767182,1.0
0.29577161679165,0.12073912291665001,0.4539076922639038,0.7689390782616278,1.0
0.9381629864049872,0.6354639385707832,0.9858787571353664,0.20362428852007564,1.0
0.289691918745698,0.7424639127868612,0.12690525622185567,0.33326394900923284,1.0
0.4823199760203223,0.7702187938021869,0.16322819492529284,0.9403806273030771,1.0
0.8150838720199556,0.3618031011595373,0.8719441896212038,0.21059267665184955,1.0
0.6052308487502412,0.6354764277459566,0.9169348269692758,0.14940091321693438,1.0
0.422036505119307,0.6956810590007267,0.32603325622472124,0.030689407701078197,1.0
0.6621848515717549,0.06922662816488023,0.21719060578914218,0.588021372879673,1.0
0.09889886467267328,0.8585019791682326,0.7729369916296476,0.4801953156115938,0.0
0.0657922800669335,0.581112982962125,0.2082854155574666,0.417570495788814,0.0
0.9387603141305776,0.22021673271963127,0.021279902740375833,0.0060581703844116985,1.0
0.6739080093928378,0.7536058751424721,0.5782975270251259,0.3139730265347134,1.0
0.96426356989894,0.8983096708436825,0.7367986636538999,0.6696558076347144,1.0
0.5944065798747383,0.3833564985756245,0.5201593193603713,0.8389519215232369,1.0
0.11382574285197822,0.37524023499876724,0.565995972846496,0.35882056848720856,1.0
0.49700417563631705,0.43170132284876783,0.5224496958425136,0.9410187390145011,1.0
0.4441297207569703,0.9250707856457059,0.2660168239728604,0.20500941079604296,1.0
0.4154603262706763,0.1670794954602146,0.7311728104866118,0.29317248204506197,1.0
0.3456837215908035,0.9899246594984761,0.45690149794368473,0.16326251666322522,1.0
0.7648053241130268,0.893271127187723,0.32462701027778995,0.6143335942676897,1.0
0.32155308534912397,0.291864854164807,0.46390365217355867,0.9013406915537712,1.0
0.8737512274417001,0.33244327483076497,0.2518495935490609,0.5535027053983383,1.0
0.9745299589786313,0.369477573121359,0.5830789667351965,0.7381993626030207,1.0
0.7995110742286688,0.8728564036599239,0.3330049230936635,0.38942169470114696,1.0
0.6927600237705004,0.35777489576814525,0.06859347556641615,0.2570592733585182,1.0
0.49038436532885654,0.42689134899426084,0.19776683242819582,0.3886767446105046,1.0
0.729692227053008,0.9605895423503634,0.7264579221567741,0.20862993274128783,1.0
0.21540363275514374,0.43952778434137574,0.31427343959349274,0.07270291139307083,1.0
0.5570972475267084,0.054478757325126304,0.6561511221782641,0.0021581312740938108,1.0
0.6324280503825199,0.8233502850293706,0.4363567639932323,0.39589804087682956,1.0
0.821287934249879,0.18913695659021468,0.6008865573292498,0.8613537330454233,1.0
0.0700748768122691,0.7894028405117264,0.8405103121202997,0.3587736538195969,1.0
0.40849401297606025,0.6263832263674508,0.6391718029897006,0.050690399315649004,1.0
0.9822020099544642,0.581019292217466,0.9757190060495036,0.777439163034394,1.0
0.5066793305824409,0.882488203422924,0.7368320252688723,0.29647518779758264,1.0
0.9056012028454998,0.6326327781969929,0.4461955262085865,0.3450646050520807,1.0
0.46481713085492593,0.5611169981380414,0.49930349833392274,0.2777418310885944,1.0
0.2967841211472596,0.6507815257031264,0.7590728241077991,0.08776627020632233,1.0
0.30711411297403823,0.9818996091971144,0.9373272492416607,0.504557798695943,1.0
0.9929113756563314,0.9961864022996543,0.5306005589895312,0.6801703632561166,1.0
0.7436487069343729,0.49287333114575527,0.3987829748113092,0.7949844868338566,1.0
0.9599792848518182,0.6036241303397883,0.04772280467980172,0.10975620397442842,1.0
0.6308247761954383,0.7052543225881384,0.9522178324359737,0.390211808146242,1.0
0.38913301316246185,0.11736418360074474,0.43089232997442517,0.8889570104838893,1.0
0.8258255983952935,0.6355834021070424,0.7062477224729277,0.4336333772061428,1.0
0.43920235159623644,0.3550243826565288,0.6956174096603406,0.7053776266752725,1.0
0.30332306342946436,0.4179064585567672,0.670181442489387,0.9035409354257739,1.0
0.5998530853209963,0.1023070931741753,0.25832107204495025,0.6669631206523438,1.0
0.5621361001152042,0.2252958514083765,0.7927720833395265,0.08836716215854123,1.0
0.8918446508816961,0.9402424211154393,0.5815155404113795,0.5220963034600425,1.0
0.7564403293336757,0.42729822944155904,0.8221725114080362,0.8282494047690759,1.0
0.8055826718833797,0.7104474509109795,0.019099547451226773,0.6661181492906075,1.0
0.6682316156097301,0.05406002621548345,0.2545508065498504,0.5186173703535041,1.0
0.550005357377098,0.7478991012257951,0.6265357774986278,0.1960169781598211,1.0
0.8430436701477251,0.9373059158695377,0.39261673407669784,0.2825906851410628,1.0
0.8959259993698206,0.45726154059223934,0.5645620509788984,0.8895953754513062,1.0
0.16446196747469088,0.8537473390975184,0.6111940276538252,0.8263989221894528,0.0
0.3904171811872198,0.9735751430979455,0.8815137337268999,0.3884934319367913,1.0
0.9135028019965159,0.15842450234124317,0.3038751483716965,0.9381421840234249,1.0
0.5810950833035049,0.21704713182802682,0.2693864988447856,0.683323834884125,1.0
0.9996386730781401,0.24619174326175075,0.5187050380852486,0.36724059505690765,1.0
0.9519747305744438,0.289458030553744,0.1420386944536598,0.9148545030750205,1.0
0.7835033553668648,0.6172803225085697,0.3075129352870313,0.19388813585988396,1.0
0.5739871980140833,0.22454801452146356,0.07559711218053611,0.33674027628535763,1.0
0.3036985845874334,0.508204672553083,0.8769504822870228,0.7639282329155572,1.0
0.6608091372448961,0.606701223829177,0.12179666450227777,0.9862913902891521,1.0
0.20234479660200244,0.7637805638301752,0.35090496012551786,0.9943216957615113,0.0
0.7830214211907252,0.3922946113638204,0.5439362523736071,0.3427568312644299,1.0
0.17517491517791828,0.8743729977288935,0.4329153694440139,0.4495897949620177,0.0
0.571673825404718,0.5478583490495021,0.8545257678325439,0.6984088570083251,1.0
0.34667342948749524,0.17234924657470674,0.3616646664669476,0.9800855078635992,1.0
0.18626078316000472,0.33396672326401355,0.6913965291244621,0.301018964741554,1.0
0.7677107024149281,0.71849971950387,0.9051464745202672,0.992646837907809,1.0
0.709837055992165,0.6533133577312598,0.7919043663626644,0.3209615668445229,1.0
